{"classification_report": {"0": {"precision": 0.7616182572614107, "recall": 0.7342, "f1-score": 0.7476578411405296, "support": 5000.0}, "4": {"precision": 0.7434362934362935, "recall": 0.7702, "f1-score": 0.7565815324165029, "support": 5000.0}, "accuracy": 0.7522, "macro avg": {"precision": 0.7525272753488521, "recall": 0.7522, "f1-score": 0.7521196867785163, "support": 10000.0}, "weighted avg": {"precision": 0.7525272753488521, "recall": 0.7522, "f1-score": 0.7521196867785163, "support": 10000.0}}, "confusion_matrix": [[3671, 1329], [1149, 3851]]}